<?xml version="1.0" encoding="UTF-8"?>
<project-private xmlns="http://www.netbeans.org/ns/project-private/1">
    <editor-bookmarks xmlns="http://www.netbeans.org/ns/editor-bookmarks/2" lastBookmarkId="0"/>
    <open-files xmlns="http://www.netbeans.org/ns/projectui-open-files/2">
        <group>
            <file>file:/Users/akamine/Downloads/QuanLyCanBo%202/src/Main/QuaTrinhCongTacFrame.java</file>
            <file>file:/Users/akamine/Downloads/QuanLyCanBo%202/src/Login/TaiKhoanSQLImpl.java</file>
            <file>file:/Users/akamine/Downloads/QuanLyCanBo%202/src/Main/BangLuongChiTiet.java</file>
            <file>file:/Users/akamine/Downloads/QuanLyCanBo%202/src/Main/GiaoDien.java</file>
            <file>file:/Users/akamine/Downloads/QuanLyCanBo%202/src/Main/CanBoJFrame.java</file>
            <file>file:/Users/akamine/Downloads/QuanLyCanBo%202/src/Login/TaiKhoanController.java</file>
            <file>file:/Users/akamine/Downloads/QuanLyCanBo%202/src/Login/TaiKhoanService.java</file>
            <file>file:/Users/akamine/Downloads/QuanLyCanBo%202/src/Main/BangLuong.java</file>
            <file>file:/Users/akamine/Downloads/QuanLyCanBo%202/src/Main/BangLuongFrame.java</file>
            <file>file:/Users/akamine/Downloads/QuanLyCanBo%202/src/Main/BangLuongNgoaiGioChiTiet.java</file>
            <file>file:/Users/akamine/Downloads/QuanLyCanBo%202/src/Main/BangLuongNgoaiGio.java</file>
            <file>file:/Users/akamine/Downloads/QuanLyCanBo%202/src/Main/BangLuongNgoaiGioFrame.java</file>
            <file>file:/Users/akamine/Downloads/QuanLyCanBo%202/src/Main/BangLuongNgoaiGioChiTietFrame.java</file>
            <file>file:/Users/akamine/Downloads/QuanLyCanBo%202/src/Main/QuaTrinhCongTac.java</file>
            <file>file:/Users/akamine/Downloads/QuanLyCanBo%202/src/Login/TaiKhoanSQL.java</file>
            <file>file:/Users/akamine/Downloads/QuanLyCanBo%202/src/Main/Main.java</file>
            <file>file:/Users/akamine/Downloads/QuanLyCanBo%202/src/Main/CanBo.java</file>
            <file>file:/Users/akamine/Downloads/QuanLyCanBo%202/src/Main/CaNhanJFrame.java</file>
            <file>file:/Users/akamine/Downloads/QuanLyCanBo%202/src/Main/ConnectionSQL.java</file>
            <file>file:/Users/akamine/Downloads/QuanLyCanBo%202/src/Main/BangLuongChiTietFrame.java</file>
            <file>file:/Users/akamine/Downloads/QuanLyCanBo%202/src/Login/TaiKhoanServiceImpl.java</file>
            <file>file:/Users/akamine/Downloads/QuanLyCanBo%202/src/Login/TaiKhoan.java</file>
            <file>file:/Users/akamine/Downloads/QuanLyCanBo%202/src/Login/DangNhapJDialog.java</file>
        </group>
    </open-files>
</project-private>
